time_s,temperature_C,pwm,heat_cool
0.22,27.32,1,0
0.46,27.32,1,0
0.7,27.32,1,0
0.93,27.32,1,0
1.17,27.32,1,0
1.4,27.32,1,0
1.64,27.32,1,0
1.87,27.32,1,0
2.11,27.32,1,0
2.35,27.32,1,0
2.58,27.32,1,0
2.82,27.32,1,0
3.05,27.32,1,0
3.29,27.32,1,0
3.52,27.32,1,0
3.76,27.32,1,0
4.0,27.32,1,0
4.23,27.32,1,0
4.47,27.32,1,0
4.7,27.32,1,0
4.94,27.32,1,0
5.17,27.32,1,0
5.41,27.32,1,0
5.65,27.32,1,0
5.88,27.32,1,0
6.12,27.32,1,0
6.35,27.32,1,0
6.59,27.32,1,0
6.82,27.32,1,0
7.06,27.32,1,0
7.29,27.32,1,0
7.53,27.32,1,0
7.77,27.32,1,0
8.0,27.32,1,0
8.24,27.32,1,0
8.47,27.32,1,0
8.71,27.32,1,0
8.94,27.32,1,0
9.18,27.32,1,0
9.42,27.32,1,0
9.65,27.32,1,0
9.89,27.32,1,0
10.12,27.32,1,0
10.36,27.32,1,0
10.59,27.32,1,0
10.83,27.32,1,0
11.06,27.32,1,0
11.3,27.32,1,0
11.54,27.32,1,0
11.77,27.32,1,0
12.01,27.32,1,0
12.24,27.32,1,0
12.48,27.32,1,0
12.72,27.32,1,0
12.95,27.32,1,0
13.19,27.32,1,0
13.42,27.32,1,0
13.66,27.32,1,0
13.89,27.32,1,0
14.13,27.32,1,0
14.36,27.32,1,0
14.6,27.32,1,0
14.84,27.32,1,0
15.07,27.32,1,0
15.31,27.32,1,0
15.54,27.32,1,0
15.78,27.32,1,0
16.02,27.32,1,0
16.25,27.32,1,0
16.49,27.31,1,0
16.72,27.32,1,0
16.96,27.32,1,0
17.19,27.32,1,0
17.43,27.32,1,0
17.67,27.32,1,0
17.9,27.31,1,0
18.14,27.31,1,0
18.37,27.32,1,0
18.61,27.32,1,0
18.84,27.31,29,0
19.08,27.31,52,0
19.32,27.31,59,0
19.55,27.3,64,0
19.79,27.29,62,0
20.02,27.28,63,0
20.26,27.26,63,0
20.5,27.22,63,0
20.73,27.19,63,0
20.97,27.16,63,0
21.2,27.11,63,0
21.44,27.07,63,0
21.67,27.04,63,0
21.91,27.0,63,0
22.14,26.95,63,0
22.38,26.91,63,0
22.62,26.86,63,0
22.85,26.82,63,0
23.09,26.78,63,0
23.32,26.74,63,0
23.56,26.69,65,0
23.79,26.64,97,0
24.03,26.6,102,0
24.27,26.57,102,0
24.5,26.52,164,0
24.74,26.47,238,0
24.97,26.42,254,0
25.21,26.34,254,0
25.45,26.25,254,0
25.68,26.14,254,0
25.92,26.02,254,0
26.15,25.89,254,0
26.39,25.74,254,0
26.62,25.58,223,0
26.86,25.42,220,0
27.1,25.25,220,0
27.33,25.09,218,0
27.57,24.93,194,0
27.8,24.75,180,0
28.04,24.6,163,0
28.28,24.44,164,0
28.51,24.3,164,0
28.75,24.16,158,0
28.98,24.03,153,0
29.22,23.9,212,0
29.45,23.79,250,0
29.69,23.68,254,0
29.93,23.56,254,0
30.16,23.44,254,0
30.4,23.31,254,0
30.63,23.17,254,0
30.87,23.03,254,0
31.11,22.88,254,0
31.34,22.73,254,0
31.58,22.59,254,0
31.81,22.43,254,0
32.05,22.28,254,0
32.28,22.05,254,0
32.52,21.6,254,0
32.76,21.39,254,0
32.99,21.24,254,0
33.23,21.15,254,0
33.46,21.07,254,0
33.7,20.92,254,1
33.94,20.52,254,1
34.17,20.4,254,1
34.41,20.35,254,1
34.64,20.39,254,1
34.88,20.54,254,1
35.12,20.74,254,1
35.35,21.01,254,1
35.59,21.31,254,1
35.82,21.65,254,1
36.06,22.04,254,1
36.29,22.43,254,1
36.53,22.86,254,1
36.77,23.31,254,1
37.0,23.76,254,1
37.24,24.22,254,1
37.47,24.7,254,1
37.71,25.2,254,1
37.94,25.7,254,1
38.18,26.21,254,1
38.42,26.71,254,1
38.65,27.22,254,1
38.89,27.74,254,1
39.12,28.25,254,1
39.36,28.76,254,1
39.6,29.27,254,1
39.83,29.79,254,1
40.07,30.3,254,1
40.3,30.82,254,1
40.54,31.33,254,1
40.77,31.83,254,1
41.01,32.34,254,1
41.25,32.83,254,1
41.48,33.33,254,1
41.72,33.83,254,1
41.95,34.32,254,1
42.19,34.8,254,1
42.43,35.29,254,1
42.66,35.76,254,1
42.9,36.25,254,1
43.13,36.72,254,1
43.37,37.18,254,1
43.6,37.65,254,1
43.84,38.13,254,1
44.08,38.58,254,1
44.31,39.03,254,1
44.55,39.48,254,1
44.78,39.93,254,1
45.02,40.36,254,1
45.25,40.79,254,1
45.49,41.21,254,1
45.72,41.64,254,1
45.96,42.06,254,1
46.2,42.48,254,1
46.43,42.89,254,1
46.67,43.3,254,1
46.9,43.7,254,1
47.14,44.11,254,1
47.38,44.49,254,1
47.61,44.88,254,1
47.85,45.28,254,1
48.08,45.94,254,1
48.32,45.98,254,0
48.56,45.93,254,0
48.79,46.39,254,0
49.03,46.69,254,0
49.26,46.89,254,0
49.5,46.99,254,0
49.73,47.01,254,0
49.97,47.0,254,0
50.21,46.93,254,0
50.44,46.84,254,0
50.68,46.7,254,0
50.91,46.53,254,0
51.15,46.36,254,0
51.38,46.17,254,0
51.62,45.95,254,0
51.86,45.69,254,0
52.09,45.46,254,0
52.33,45.19,254,0
52.56,44.94,254,0
52.8,44.66,254,0
53.04,44.36,254,0
53.27,44.07,254,0
53.51,43.79,254,0
53.74,43.49,254,0
53.98,43.19,254,0
54.22,42.89,254,0
54.45,42.59,254,0
54.69,42.29,254,0
54.92,41.99,254,0
55.16,41.69,254,0
55.4,41.4,254,0
55.63,41.1,254,0
55.87,40.81,254,0
56.1,40.52,254,0
56.34,40.23,254,0
56.57,39.94,254,0
56.81,39.66,254,0
57.05,39.37,254,0
57.28,39.09,254,0
57.52,38.81,254,0
57.75,38.55,254,0
57.99,38.28,254,0
58.22,38.01,254,0
58.46,37.75,254,0
58.7,37.49,254,0
58.93,37.23,254,0
59.17,36.99,254,0
59.4,36.74,254,0
59.64,36.49,254,0
59.88,36.24,254,0
60.11,36.02,254,0
60.35,35.78,254,0
60.58,35.54,254,0
60.82,35.31,254,0
61.05,35.09,254,0
61.29,34.87,254,0
61.53,34.65,254,0
61.76,34.43,254,0
62.0,34.22,254,0
62.23,34.01,254,0
62.47,33.81,254,0
62.71,33.6,254,0
62.94,33.4,254,0
63.18,33.2,254,0
63.41,33.01,254,0
63.65,32.81,254,0
63.88,32.62,254,0
64.12,32.43,254,0
64.36,32.24,254,0
64.59,32.06,254,0
64.83,31.88,254,0
65.06,31.7,254,0
65.3,31.52,254,0
65.53,31.34,254,0
65.77,31.17,254,0
66.01,31.0,254,0
66.24,30.82,254,0
66.48,30.65,254,0
66.71,30.49,254,0
66.95,30.33,254,0
67.18,30.16,254,0
67.42,30.0,254,0
67.66,29.84,254,0
67.89,29.68,254,0
68.13,29.52,254,0
68.36,29.37,254,0
68.6,29.22,254,0
68.84,29.07,254,0
69.07,28.92,254,0
69.31,28.78,254,0
69.54,28.63,254,0
69.78,28.48,254,0
70.01,28.35,254,0
70.25,28.21,254,0
70.49,28.06,254,0
70.72,27.92,254,0
70.96,27.77,254,0
71.19,27.63,254,0
71.43,27.48,254,0
71.66,27.35,254,0
71.9,27.21,254,0
72.14,27.06,254,0
72.37,26.92,254,0
72.61,26.78,254,0
72.84,26.64,254,0
73.08,26.51,254,0
73.32,26.37,254,0
73.55,26.24,254,0
73.79,26.09,254,0
74.02,25.94,254,0
74.26,25.81,254,0
74.5,25.67,254,0
74.73,25.54,254,0
74.97,25.41,254,0
75.2,25.28,254,0
75.44,25.14,254,0
75.67,25.0,254,0
75.91,24.87,254,0
76.15,24.74,254,0
76.38,24.61,254,0
76.62,24.48,254,0
76.85,24.36,254,0
77.09,24.23,254,0
77.32,24.1,254,0
77.56,23.97,254,0
77.8,23.85,255,0
78.03,23.73,255,0
78.27,23.61,255,0
78.5,23.55,255,0
78.74,23.47,255,0
78.98,23.46,255,0
79.21,23.4,255,0
79.45,23.39,255,0
79.68,23.44,255,0
79.92,23.47,255,0
80.15,23.47,255,0
80.39,23.54,255,0
80.63,23.55,255,0
80.86,23.62,255,0
81.1,23.65,255,0
81.33,23.73,255,0
81.57,23.81,255,0
81.81,23.85,255,0
82.04,23.91,255,0
82.28,23.99,255,0
82.51,24.08,255,0
82.75,24.15,255,0
82.98,24.2,255,0
83.22,24.26,255,0
83.46,24.34,255,0
